{
    "accuracy": 0.9561082662765179,
    "precision": 0.9012345679012346,
    "recall": 0.7684210526315789,
    "auc": 0.950306309529133
}
