{
    "accuracy": 0.950519242516799,
    "precision": 0.8895027624309392,
    "recall": 0.7252252252252253,
    "auc": 0.9458202018272689
}
